title,company,url,salary_min,salary_max,salary_currency,job_type,category,date_posted,location_type,location_regions,experience_months,english_level,experience_years,work_format,city,country,domain,company_type,company_size,views,applications,skills,description
Senior Backend Engineer (.NET),Binariks,https://djinni.co/jobs/804822-senior-backend-engineer-net/,,,,FULL_TIME,Dotnet Desktop,2026-02-15T20:02:09.217955,,,60,,,,,,,,,,,,
Lead Generation Specialist,Altum Software,https://djinni.co/jobs/804820-lead-generation-specialist/,,,,FULL_TIME,Lead Generation,2026-02-15T18:26:08.828689,TELECOMMUTE,,,,,,,,,,,,,,
Payments Operations Manager,Centus,https://djinni.co/jobs/804821-payments-operations-manager/,,,,FULL_TIME,Product Manager,2026-02-15T19:52:08.798132,,,24,,,,,,,,,,,,
Senior Python AQA (IRC279096),GlobalLogic,https://djinni.co/jobs/780933-senior-python-aqa-irc279096/,,,,FULL_TIME,QA Automation,2026-02-15T18:42:39.744384,TELECOMMUTE,,60,,,,,,,,,,,,
Account manager,Dabltech,https://djinni.co/jobs/786267-account-manager/,500,1000,USD,FULL_TIME,Account Manager,2026-02-15T18:50:08.674097,TELECOMMUTE,,12,,,,,,,,,,,,
Lead AI Engineer,Odore,https://djinni.co/jobs/795847-lead-ai-engineer/,,,,FULL_TIME,ML AI,2026-02-15T19:10:09.040062,TELECOMMUTE,,60,,,,,,,,,,,,
Senior AQA (with C#) for Energy domain project,GlobalLogic,https://djinni.co/jobs/795662-senior-aqa-with-c-for-energy-domain-project/,,,,FULL_TIME,QA Automation,2026-02-15T18:42:32.924862,TELECOMMUTE,,48,,,,,,,,,,,,
Lead Generation Specialist (Upwork and Outreach),Duck Agency,https://djinni.co/jobs/804818-lead-generation-specialist-upwork-and-outreac/,400,700,USD,PART_TIME,Lead Generation,2026-02-15T18:12:08.547932,TELECOMMUTE,,12,,,,,,,,,,,,
Manual QA Engineer (with transition to Automation QA on Python),Johnson Controls,https://djinni.co/jobs/804816-manual-qa-engineer-with-transition-to-automat/,600,1200,USD,FULL_TIME,QA Automation,2026-02-15T18:06:08.339231,,,12,,,,,,,,,,,,
Backend Software Engineer (Senior/Staff),DualEntry,https://djinni.co/jobs/794732-backend-software-engineer-senior-staff/,,,,FULL_TIME,Python,2026-02-15T18:03:01.290410,TELECOMMUTE,,96,,,,,,,,,,,,
Junior Sales / Lead Generation (Internship),Sysgears,https://djinni.co/jobs/736125-junior-sales-lead-generation-internship/,,,,FULL_TIME,Lead Generation,2026-02-15T17:22:08.636985,,,,,,,,,,,,,,,
Senior Quality Assurance Engineer,DualEntry,https://djinni.co/jobs/804817-senior-quality-assurance-engineer/,3300,7050,USD,FULL_TIME,QA Automation,2026-02-15T18:08:08.855523,TELECOMMUTE,,72,,,,,,,,,,,,
Google Ads and SEO Expert,mx2.ai,https://djinni.co/jobs/717193-google-zzz-and-seo-expert/,2200,3000,USD,FULL_TIME,Performance Marketing,2026-02-15T17:12:08.621926,TELECOMMUTE,,36,,,,,,,,,,,,
Junior React Native,JOIDY,https://djinni.co/jobs/804814-junior-react-native/,,,,PART_TIME,React Native,2026-02-15T15:36:08.374486,TELECOMMUTE,,,,,,,,,,,,,,
Lead Generation Specialist (B2B Tech),Verumastra,https://djinni.co/jobs/804813-lead-generation-specialist-b2b-tech/,,,,FULL_TIME,Lead Generation,2026-02-15T15:30:08.380976,TELECOMMUTE,,,,,,,,,,,,,,
Senior React Engineer(Outstaff with the potential transition to an in-house model),ZentixSoft,https://djinni.co/jobs/804815-senior-react-engineer-outstaff-with-the-poten/,,,,FULL_TIME,React.js,2026-02-15T16:02:42.421859,TELECOMMUTE,,60,,,,,,,,,,,,
Senior Technical Lead / Full Stack Architect (SaaS Takeover),cheggl.com,https://djinni.co/jobs/804810-senior-technical-lead-full-stack-architect-sa/,,,,FULL_TIME,Architect,2026-02-15T15:06:08.615371,TELECOMMUTE,,60,,,,,,,,,,,,
Junior Fullstack Developer,goldenpandamarketing.com,https://djinni.co/jobs/804812-junior-fullstack-developer/,,,,FULL_TIME,Fullstack,2026-02-15T15:28:08.515788,TELECOMMUTE,,12,,,,,,,,,,,,
Product Manager (InsurTech ONLY),Binaryx,https://djinni.co/jobs/804811-product-manager-insurtech-only/,,,,PART_TIME,Product Manager,2026-02-15T15:06:08.447935,TELECOMMUTE,,36,,,,,,,,,,,,
SDR / Lead Generation Specialist (Upwork + LinkedIn),This Is Software,https://djinni.co/jobs/804329-sdr-lead-generation-specialist-upwork-linkedi/,,,,FULL_TIME,Lead Generation,2026-02-15T15:14:08.511347,TELECOMMUTE,,12,,,,,,,,,,,,
Middle Manual QA Engineer,Trinetix,https://djinni.co/jobs/801312-middle-manual-qa-engineer/,,,,FULL_TIME,QA,2026-02-15T14:13:04.618588,TELECOMMUTE,,30,,,,,,,,,,,,
Sales Support Specialist,Студія HR рішень,https://djinni.co/jobs/776220-sales-support-specialist/,,,,FULL_TIME,Other,2026-02-15T14:31:38.367707,TELECOMMUTE,,12,,,,,,,,,,,,
Graphic Designer with Social Media Management Skills,Axis Easy Prosper,https://djinni.co/jobs/802513-graphic-designer-with-social-media-management/,,,,FULL_TIME,Graphic Design,2026-02-15T12:51:24.571908,TELECOMMUTE,,48,,,,,,,,,,,,
Junior Flutter Developer,Space Scutum,https://djinni.co/jobs/784818-junior-flutter-developer/,100,400,USD,FULL_TIME,Flutter,2026-02-15T08:42:08.826034,TELECOMMUTE,,12,,,,,,,,,,,,
Senior DevOps Engineer ( AWS),QIT Software,https://djinni.co/jobs/796586-senior-devops-engineer-aws/,,,,FULL_TIME,DevOps,2026-02-15T12:26:08.401561,TELECOMMUTE,,36,,,,,,,,,,,,
Reverse Engineer,Vybe Beverages CO LTD,https://djinni.co/jobs/804803-reverse-engineer/,15000,20000,USD,FULL_TIME,CPP,2026-02-15T07:48:08.917136,TELECOMMUTE,,60,,,,,,,,,,,,
Automation QA Engineer,QIT Software,https://djinni.co/jobs/804805-automation-qa-engineer/,,,,FULL_TIME,QA Automation,2026-02-15T12:24:08.155535,TELECOMMUTE,,36,,,,,,,,,,,,
Front-end Developer (React.js / Next.js),tokensaver.io,https://djinni.co/jobs/795742-front-end-developer-react-js-next-js/,,,,FULL_TIME,React.js,2026-02-15T08:30:09.818845,TELECOMMUTE,,36,,,,,,,,,,,,
Privacy Counsel - Headquarter,SKELAR,https://djinni.co/jobs/804792-privacy-counsel-headquarter/,,,,FULL_TIME,Other,2026-02-15T10:57:52.740913,,,12,,,,,,,,,,,,
Appointment Setter,Drivee AI,https://djinni.co/jobs/804799-appointment-setter/,,,,FULL_TIME,Marketing,2026-02-14T23:30:09.047303,TELECOMMUTE,,12,,,,,,,,,,,,
Web Designer (Product / UI Designer),Atlim,https://djinni.co/jobs/804801-web-designer-product-ui-designer/,,,,FULL_TIME,UI UX,2026-02-15T01:36:08.842903,TELECOMMUTE,,36,,,,,,,,,,,,
Python Developer - Medical Imaging,Codesmart,https://djinni.co/jobs/781496-python-developer-medical-imaging/,3000,4500,USD,FULL_TIME,Python,2026-02-14T23:05:48.157180,TELECOMMUTE,,36,,,,,,,,,,,,
Recruiter,Performa HR-agency,https://djinni.co/jobs/804797-recruiter/,,,,FULL_TIME,Recruiter,2026-02-14T20:58:08.313918,,,12,,,,,,,,,,,,
"Lead Unity 3D Developer (PC, Multiplayer RPG Strategy)",Exagra Ltd,https://djinni.co/jobs/804790-lead-unity-3d-developer-pc-multiplayer-rpg-st/,,,,FULL_TIME,Unity Developer,2026-02-14T17:40:06.948718,TELECOMMUTE,,60,,,,,,,,,,,,
Embedded C Developer,Lead Team IT,https://djinni.co/jobs/765221-embedded-c-developer/,3000,4500,USD,FULL_TIME,Embedded,2026-02-14T19:51:31.745838,TELECOMMUTE,,36,,,,,,,,,,,,
Sales Representative (Commission-Based) - iGaming / Sportsbook Platform,SoftVault.io,https://djinni.co/jobs/804798-sales-representative-commission-based-igaming/,,,,FULL_TIME,Sales,2026-02-14T21:08:08.395435,TELECOMMUTE,,6,,,,,,,,,,,,
Design - Illustrator,2K-Group,https://djinni.co/jobs/777949-design-illustrator/,,,,FULL_TIME,Illustrator,2026-02-14T16:50:12.416082,TELECOMMUTE,,36,,,,,,,,,,,,
Trainee Go Developer (Golang),Verumastra,https://djinni.co/jobs/804789-trainee-go-developer-golang/,,,,FULL_TIME,Golang,2026-02-14T17:20:06.974662,TELECOMMUTE,,,,,,,,,,,,,,
"Retention / CRM Manager (Mobile App, Push, Email)",Pixeltech,https://djinni.co/jobs/802843-retention-crm-manager-mobile-app-push-email/,,,,PART_TIME,Marketing,2026-02-14T16:31:30.501532,TELECOMMUTE,,36,,,,,,,,,,,,
2D Animator,2K-Group,https://djinni.co/jobs/777946-2d-animator/,,,,FULL_TIME,2D Animation,2026-02-14T16:50:08.367290,TELECOMMUTE,,36,,,,,,,,,,,,
Middle Affiliate Manager (Cyprus),Aff Journal,https://djinni.co/jobs/804786-middle-affiliate-manager-cyprus/,,,,FULL_TIME,Performance Marketing,2026-02-14T16:18:07.131917,,,36,,,,,,,,,,,,
Senior Infrastructure Engineer,Talkypod,https://djinni.co/jobs/804787-senior-infrastructure-engineer/,,,,FULL_TIME,Data Engineer,2026-02-14T16:22:07.394660,TELECOMMUTE,,84,,,,,,,,,,,,
Senior Affiliate Manager (Cyprus),Aff Journal,https://djinni.co/jobs/804785-senior-affiliate-manager-cyprus/,,,,FULL_TIME,Performance Marketing,2026-02-14T16:06:07.133618,,,48,,,,,,,,,,,,
"ASO, ASA Specialist",Pixeltech,https://djinni.co/jobs/802504-aso-asa-specialist/,,,,PART_TIME,Marketing,2026-02-14T16:31:34.759200,TELECOMMUTE,,60,,,,,,,,,,,,
Salesforce Architect,Noltic,https://djinni.co/jobs/804781-salesforce-architect/,,,,FULL_TIME,Salesforce,2026-02-14T15:12:07.408398,,,36,,,,,,,,,,,,
Product Growth Manager,Noltic,https://djinni.co/jobs/804782-product-growth-manager/,,,,FULL_TIME,Product Manager,2026-02-14T15:18:06.933184,,,24,,,,,,,,,,,,
Senior Business Development Representative (BDR),Noltic,https://djinni.co/jobs/804780-senior-business-development-representative-bd/,,,,FULL_TIME,Business Development,2026-02-14T15:06:07.062217,,,24,,,,,,,,,,,,
Business Analyst with Polish (B2+),Noltic,https://djinni.co/jobs/804779-business-analyst-with-polish-b2/,,,,FULL_TIME,Business Analyst,2026-02-14T15:00:07.157996,,,24,,,,,,,,,,,,
Golang (Senior),Proxima Research,https://djinni.co/jobs/802257-golang-senior/,,,,FULL_TIME,Golang,2026-02-14T13:55:08.980533,TELECOMMUTE,,60,,,,,,,,,,,,
Senior Full-Stack .Net / Angular Engineer,AdvantISS,https://djinni.co/jobs/793845-senior-full-stack-net-angular-engineer/,,,,FULL_TIME,ASP.NET,2026-02-14T13:54:59.142581,TELECOMMUTE,,84,,,,,,,,,,,,
Community Manager,BeKey,https://djinni.co/jobs/793431-community-manager/,,,,FULL_TIME,PR Manager,2026-02-14T13:48:02.436063,TELECOMMUTE,,12,,,,,,,,,,,,
Middle .Net/Angular Full Stack Developer,AdvantISS,https://djinni.co/jobs/794037-middle-net-angular-full-stack-developer/,,,,FULL_TIME,ASP.NET,2026-02-14T13:54:49.857341,TELECOMMUTE,,36,,,,,,,,,,,,
Solution Architect,Proxima Research,https://djinni.co/jobs/734196-solution-architect/,,,,PART_TIME,Architect,2026-02-14T13:55:14.250167,TELECOMMUTE,,96,,,,,,,,,,,,
Partnership Manager / Representer,Visit Ukraine,https://djinni.co/jobs/787443-partnership-manager-representer/,,,,FULL_TIME,Sales,2026-02-14T13:26:07.051763,TELECOMMUTE,,12,,,,,,,,,,,,
Email Marketing Specialist (Retention manager),Globy,https://djinni.co/jobs/756533-email-marketing-specialist-retention-manager/,1400,2000,USD,FULL_TIME,Marketing,2026-02-14T12:44:20.490569,TELECOMMUTE,,24,,,,,,,,,,,,
Marketing Manager (B2B),,https://djinni.co/jobs/804465-marketing-manager-b2b/,,,,FULL_TIME,Marketing,2026-02-14T11:12:08.429845,TELECOMMUTE,,36,,,,,,,,,,,,
SEO Specialist,Natural Links,https://djinni.co/jobs/770442-seo-specialist/,,,,FULL_TIME,SEO,2026-02-14T12:38:41.430136,TELECOMMUTE,,24,,,,,,,,,,,,
Technical AQA Lead,Tango Me/Танго Мі,https://djinni.co/jobs/793417-technical-aqa-lead/,,,,FULL_TIME,QA Automation,2026-02-14T11:37:57.006997,,,72,,,,,,,,,,,,
Senior Angular,ApomSolutions,https://djinni.co/jobs/804778-senior-angular/,4000,6000,USD,FULL_TIME,Angular,2026-02-14T12:40:07.182767,TELECOMMUTE,,84,,,,,,,,,,,,
Customer Support Agent (chats only),Tango Me/Танго Мі,https://djinni.co/jobs/800219-customer-support-agent-chats-only/,,,,FULL_TIME,Support,2026-02-14T11:38:07.684321,TELECOMMUTE,,12,,,,,,,,,,,,
Content Lead,GenAI Works,https://djinni.co/jobs/804777-content-lead/,,,,FULL_TIME,Content Writing,2026-02-14T11:34:07.426992,TELECOMMUTE,,48,,,,,,,,,,,,
DevOps Engineer,Obriy,https://djinni.co/jobs/804776-devops-engineer/,2400,2900,USD,FULL_TIME,DevOps,2026-02-14T10:16:07.177338,TELECOMMUTE,,36,,,,,,,,,,,,
Agentic Software Engineer (Laravel) for AI-Driven Order Management System,FlexMade,https://djinni.co/jobs/804771-agentic-software-engineer-laravel-for-ai-driv/,,,,FULL_TIME,Laravel,2026-02-13T23:34:06.835912,TELECOMMUTE,,48,,,,,,,,,,,,
Senior Visual/Graphic Designer,Anyway Studio,https://djinni.co/jobs/804775-senior-visual-graphic-designer/,2500,4000,USD,FULL_TIME,Design,2026-02-14T04:20:06.987512,TELECOMMUTE,,36,,,,,,,,,,,,
Freelance Sales Partner (Commission-Based) – B2B SaaS,Delivery Studio,https://djinni.co/jobs/804772-freelance-sales-partner-commission-based-b2b-/,,,,PART_TIME,Sales,2026-02-14T00:32:06.998058,TELECOMMUTE,,24,,,,,,,,,,,,
Strong Middle Business Analyst,InsulaLabs,https://djinni.co/jobs/796680-strong-middle-business-analyst/,,,,FULL_TIME,Business Analyst,2026-02-14T08:26:00.260672,TELECOMMUTE,,36,,,,,,,,,,,,
Head of Facebook Gambling  Turkey,Headshot,https://djinni.co/jobs/804768-head-of-facebook-gambling-turkey/,,,,FULL_TIME,Marketing,2026-02-13T22:24:05.882947,TELECOMMUTE,,36,,,,,,,,,,,,
Software Engineer (.NET) — Enterprise/Government Systems,Scavenger Tech,https://djinni.co/jobs/804766-software-engineer-net-enterprise-government-s/,,,,FULL_TIME,Fullstack,2026-02-13T22:18:06.697176,TELECOMMUTE,,36,,,,,,,,,,,,
Mathematician,TenViz Predictive Analytics,https://djinni.co/jobs/773028-mathematician/,,,,FULL_TIME,Data Science,2026-02-14T00:09:33.103593,TELECOMMUTE,,24,,,,,,,,,,,,
Senior Product Designer,toogeza,https://djinni.co/jobs/804770-senior-product-designer/,,,,FULL_TIME,Design,2026-02-13T22:54:06.791242,TELECOMMUTE,,36,,,,,,,,,,,,
Senior Full Stack Engineer (.NET 8 + React/Angular),Scavenger Tech,https://djinni.co/jobs/804762-senior-full-stack-engineer-net-8-react-angula/,,,,FULL_TIME,.NET,2026-02-13T22:14:06.531535,TELECOMMUTE,,60,,,,,,,,,,,,
Senior / Team Lead Media Buyer (Crypto Vertical),Headshot,https://djinni.co/jobs/790544-senior-team-lead-media-buyer-crypto-vertical/,,,,FULL_TIME,Social Media,2026-02-13T22:08:06.584842,TELECOMMUTE,,24,,,,,,,,,,,,
Technical Delivery Manager,Scavenger Tech,https://djinni.co/jobs/804763-technical-delivery-manager/,,,,FULL_TIME,Engineering Manager,2026-02-13T22:16:06.478550,TELECOMMUTE,,96,,,,,,,,,,,,
DevOps Engineer,Duanex,https://djinni.co/jobs/788938-devops-engineer/,,,,FULL_TIME,DevOps,2026-02-13T22:08:07.739334,TELECOMMUTE,,48,,,,,,,,,,,,
.NET Solutions Architect (Takeover and Modernization),,https://djinni.co/jobs/804761-net-solutions-architect-takeover-and-moderniz/,,,,FULL_TIME,Architect,2026-02-13T22:10:06.541936,TELECOMMUTE,,120,,,,,,,,,,,,
"UAC Lead (iGaming, Turkey)",Headshot,https://djinni.co/jobs/804764-uac-lead-igaming-turkey/,,,,FULL_TIME,Lead Generation,2026-02-13T22:16:06.846384,TELECOMMUTE,,24,,,,,,,,,,,,
Media Buyer (YouTube / TikTok) – Gambling,Headshot,https://djinni.co/jobs/796133-media-buyer-youtube-tiktok-gambling/,,,,FULL_TIME,Social Media,2026-02-13T22:06:06.811433,TELECOMMUTE,,24,,,,,,,,,,,,
Team Lead Media Buyer,Headshot,https://djinni.co/jobs/796468-team-lead-media-buyer/,,,,FULL_TIME,Social Media,2026-02-13T22:08:06.354581,TELECOMMUTE,,36,,,,,,,,,,,,
Head of Facebook Gambling Turkey,Headshot,https://djinni.co/jobs/804760-head-of-facebook-gambling-turkey/,,,,FULL_TIME,Marketing,2026-02-13T22:06:06.375303,TELECOMMUTE,,36,,,,,,,,,,,,
Middle/Senior DevOps Engineer,Hunt.IT Recruitment,https://djinni.co/jobs/735076-middle-senior-devops-engineer/,,,,FULL_TIME,DevOps,2026-02-13T21:42:25.208374,TELECOMMUTE,,48,,,,,,,,,,,,
.NET Tech/Team Lead (with Fintech exp.),DashDevs,https://djinni.co/jobs/781899-net-tech-team-lead-with-fintech-exp/,,,,FULL_TIME,.NET,2026-02-13T21:50:19.717167,TELECOMMUTE,,72,,,,,,,,,,,,
Head of Marketing,Brights,https://djinni.co/jobs/780583-head-of-marketing/,,,,FULL_TIME,Marketing,2026-02-13T20:31:06.750087,,,24,,,,,,,,,,,,
Middle Front-End Developer (React),Brights,https://djinni.co/jobs/799605-middle-front-end-developer-react/,,,,FULL_TIME,React.js,2026-02-13T20:30:58.218807,,,24,,,,,,,,,,,,
"FB Media Buyer (Experienced, Arbitrage Team)",Headshot,https://djinni.co/jobs/796138-fb-media-buyer-experienced-arbitrage-team/,,,,FULL_TIME,Social Media,2026-02-13T22:06:06.580527,TELECOMMUTE,,24,,,,,,,,,,,,
Delivery Director,Brights,https://djinni.co/jobs/786093-delivery-director/,,,,FULL_TIME,Delivery Manager,2026-02-13T20:31:04.101399,,,72,,,,,,,,,,,,
Recruiter/Researcher (iGaming SEO),Elbax,https://djinni.co/jobs/801857-recruiter-researcher-igaming-seo/,1000,2500,USD,FULL_TIME,Recruiter,2026-02-13T19:58:00.576369,TELECOMMUTE,,24,,,,,,,,,,,,
AI Engineer,Brights,https://djinni.co/jobs/800046-ai-engineer/,,,,FULL_TIME,ML AI,2026-02-13T20:30:52.514012,,,48,,,,,,,,,,,,
Affiliate Manager (SEO Traffic),Elbax,https://djinni.co/jobs/801859-affiliate-manager-seo-traffic/,1500,3500,USD,FULL_TIME,Performance Marketing,2026-02-13T19:58:11.253698,TELECOMMUTE,,24,,,,,,,,,,,,
"Senior QA Automation Engineer (Python,Selenium)",Impressit,https://djinni.co/jobs/804751-senior-qa-automation-engineer-python-selenium/,,,,FULL_TIME,QA Automation,2026-02-13T19:46:06.354600,TELECOMMUTE,,96,,,,,,,,,,,,
AI Engineer,Impressit,https://djinni.co/jobs/804752-ai-engineer/,,,,FULL_TIME,ML AI,2026-02-13T19:48:06.207293,TELECOMMUTE,,24,,,,,,,,,,,,
Drop Hunter / PBN Specialist,Elbax,https://djinni.co/jobs/796531-drop-hunter-pbn-specialist/,,,,FULL_TIME,SEO,2026-02-13T19:58:20.949935,TELECOMMUTE,,24,,,,,,,,,,,,
Webflow Developer,KPI Creatives,https://djinni.co/jobs/804755-webflow-developer/,,,,FULL_TIME,JavaScript,2026-02-13T19:52:30.957263,TELECOMMUTE,,24,,,,,,,,,,,,
QA Automation Lead (C# + Selenium),Impressit,https://djinni.co/jobs/804750-qa-automation-lead-c-selenium/,,,,FULL_TIME,QA Automation,2026-02-13T19:42:13.004730,TELECOMMUTE,,120,,,,,,,,,,,,
Middle HR People partner,Pine Software,https://djinni.co/jobs/804749-middle-hr-people-partner/,,,,FULL_TIME,HR,2026-02-13T19:42:12.694909,,,12,,,,,,,,,,,,
Product Design Intern (UI/UX Focus),DICEUS,https://djinni.co/jobs/804716-product-design-intern-ui-ux-focus/,,,,FULL_TIME,Design,2026-02-13T19:36:30.717559,TELECOMMUTE,,,,,,,,,,,,,,
"Data Engineer (Python, SQL, Dagster, Pandas)",levari,https://djinni.co/jobs/804745-data-engineer-python-sql-dagster-pandas/,,,,PART_TIME,Data Engineer,2026-02-13T19:22:17.528625,TELECOMMUTE,,48,,,,,,,,,,,,
HR Specialist (Headway Inc),Impulse (Headway Inc),https://djinni.co/jobs/790297-hr-specialist-headway-inc/,,,,FULL_TIME,HR,2026-02-13T19:30:06.761479,,,36,,,,,,,,,,,,
AI Developer / AI Engineer,ManaTEA,https://djinni.co/jobs/804747-ai-developer-ai-engineer/,,,,FULL_TIME,ML AI,2026-02-13T19:36:06.275144,TELECOMMUTE,,24,,,,,,,,,,,,
Automation QA Engineer,Genius Match,https://djinni.co/jobs/688391-automation-qa-engineer/,,,,FULL_TIME,QA Automation,2026-02-13T19:25:32.275361,TELECOMMUTE,,60,,,,,,,,,,,,
"Long-term Midlevel Full Stack Developer (Django, React, TypeScript)",Virtualbadge.io,https://djinni.co/jobs/804741-long-term-midlevel-full-stack-developer-djang/,2500,3500,USD,FULL_TIME,Fullstack,2026-02-13T19:22:17.109585,,,36,,,,,,,,,,,,
Call Queue Coordinator,Atlas Technica,https://djinni.co/jobs/802467-call-queue-coordinator/,,,,FULL_TIME,Support,2026-02-13T19:13:09.976870,TELECOMMUTE,,12,,,,,,,,,,,,
Financial Operations Specialist,Hantix,https://djinni.co/jobs/804744-financial-operations-specialist/,,,,FULL_TIME,FinOps,2026-02-13T19:20:07.330351,TELECOMMUTE,,24,,,,,,,,,,,,
Sales Administrator,Atlas Technica,https://djinni.co/jobs/802172-sales-administrator/,,,,FULL_TIME,Sales,2026-02-13T19:13:06.458024,TELECOMMUTE,,12,,,,,,,,,,,,
Information Security Analyst,Atlas Technica,https://djinni.co/jobs/796500-information-security-analyst/,,,,FULL_TIME,Information Security,2026-02-13T19:13:00.079215,TELECOMMUTE,,24,,,,,,,,,,,,
Junior Accountant,Atlas Technica,https://djinni.co/jobs/792904-junior-accountant/,,,,FULL_TIME,Finances,2026-02-13T19:13:03.074301,TELECOMMUTE,,6,,,,,,,,,,,,
SMM Specialist,Bxnda,https://djinni.co/jobs/804742-smm-specialist/,1000,1500,USD,FULL_TIME,Social Media,2026-02-13T19:04:06.295094,,,12,,,,,,,,,,,,
Influencer Marketing Manager,Mindsmatch,https://djinni.co/jobs/794013-influencer-marketing-manager/,,,,FULL_TIME,Marketing,2026-02-13T19:04:24.462081,,,12,,,,,,,,,,,,
Community Events Coordinator,Mindsmatch,https://djinni.co/jobs/794865-community-events-coordinator/,,,,FULL_TIME,Performance Marketing,2026-02-13T19:04:04.510111,,,12,,,,,,,,,,,,
Affiliate manager (CPA network),Mindsmatch,https://djinni.co/jobs/758765-affiliate-manager-cpa-network/,,,,FULL_TIME,Performance Marketing,2026-02-13T19:03:48.358301,TELECOMMUTE,,12,,,,,,,,,,,,
Manual QA Engineer (Middle / Strong Middle),WeAreQA,https://djinni.co/jobs/804740-manual-qa-engineer-middle-strong-middle/,,,,FULL_TIME,QA,2026-02-13T18:58:06.524447,TELECOMMUTE,,36,,,,,,,,,,,,
Automation QA Engineer (Middle / Strong Middle),WeAreQA,https://djinni.co/jobs/804739-automation-qa-engineer-middle-strong-middle/,,,,FULL_TIME,QA Automation,2026-02-13T18:58:06.285902,TELECOMMUTE,,36,,,,,,,,,,,,
UPWORK leadgeneration manager (USA timezone),Codemotion,https://djinni.co/jobs/754569-upwork-leadgeneration-manager-usa-timezone/,400,600,USD,PART_TIME,Lead Generation,2026-02-13T18:54:06.855638,TELECOMMUTE,,12,,,,,,,,,,,,
Node.js/Express Engineer,Mobilunity,https://djinni.co/jobs/804736-node-js-express-engineer/,,,,FULL_TIME,Node.js,2026-02-13T18:54:06.368071,TELECOMMUTE,,48,,,,,,,,,,,,
Ruby on Rails engineer,Mobilunity,https://djinni.co/jobs/804738-ruby-on-rails-engineer/,,,,FULL_TIME,Ruby,2026-02-13T18:56:06.254129,TELECOMMUTE,,48,,,,,,,,,,,,
Experienced .NET Developer,Online Data,https://djinni.co/jobs/804735-experienced-net-developer/,,,,FULL_TIME,.NET,2026-02-13T18:52:16.004669,TELECOMMUTE,,60,,,,,,,,,,,,
Junior SOC,UAB Selesa,https://djinni.co/jobs/804737-junior-soc/,,,,FULL_TIME,Security,2026-02-13T18:54:06.713479,TELECOMMUTE,,12,,,,,,,,,,,,
Experienced Frontend Developer,Online Data,https://djinni.co/jobs/804731-experienced-frontend-developer/,,,,FULL_TIME,JavaScript,2026-02-13T18:50:06.376533,TELECOMMUTE,,48,,,,,,,,,,,,
Java Developer (Spring Boot),Mobilunity,https://djinni.co/jobs/804732-java-developer-spring-boot/,,,,FULL_TIME,Java,2026-02-13T18:48:06.785402,TELECOMMUTE,,48,,,,,,,,,,,,
Full-Stack .NET Developer,Kennel Connection,https://djinni.co/jobs/790273-full-stack-net-developer/,2700,3500,USD,FULL_TIME,.NET,2026-02-13T18:25:32.033346,TELECOMMUTE,,36,,,,,,,,,,,,
Senior Java Developer,Digis (a Fiverr company),https://djinni.co/jobs/804730-senior-java-developer/,,,,FULL_TIME,Java,2026-02-13T18:44:06.345976,TELECOMMUTE,,60,,,,,,,,,,,,
Senior AI/ML Engineer,Kozak Agency,https://djinni.co/jobs/804733-senior-ai-ml-engineer/,,,,FULL_TIME,ML AI,2026-02-13T18:48:06.544472,TELECOMMUTE,,36,,,,,,,,,,,,
"Head of Influencer Management Team (IGaming, betting and other verticals)",Mindsmatch,https://djinni.co/jobs/801391-head-of-influencer-management-team-igaming-be/,,,,FULL_TIME,Social Media,2026-02-13T18:20:41.329454,TELECOMMUTE,,24,,,,,,,,,,,,
Python Developer,Mobilunity,https://djinni.co/jobs/804724-python-developer/,,,,FULL_TIME,Python,2026-02-13T18:30:16.996971,TELECOMMUTE,,48,,,,,,,,,,,,
Java Developer,Mobilunity,https://djinni.co/jobs/804726-java-developer/,,,,FULL_TIME,Java,2026-02-13T18:34:06.373638,TELECOMMUTE,,48,,,,,,,,,,,,
Web App Designer (with coding skills in css/html/c#),Kennel Connection,https://djinni.co/jobs/797962-web-app-designer-with-coding-skills-in-css-ht/,,,,FULL_TIME,Dotnet Web,2026-02-13T18:25:35.533389,TELECOMMUTE,,36,,,,,,,,,,,,
Sales Intern,Rondesign,https://djinni.co/jobs/804720-sales-intern/,600,800,USD,FULL_TIME,Sales,2026-02-13T18:20:06.324637,TELECOMMUTE,,6,,,,,,,,,,,,
User Acquisition Manager (Web-to-App),Mindsmatch,https://djinni.co/jobs/801996-user-acquisition-manager-web-to-app/,,,,FULL_TIME,Other,2026-02-13T18:20:08.210204,TELECOMMUTE,,36,,,,,,,,,,,,
Business analyst,Come Back Agency,https://djinni.co/jobs/804721-business-analyst/,,,,FULL_TIME,Data Analyst,2026-02-13T18:20:06.783643,TELECOMMUTE,,12,,,,,,,,,,,,
Sales Representative / Junior Sales Manager,FlyAgency,https://djinni.co/jobs/804718-sales-representative-junior-sales-manager/,,,,FULL_TIME,Sales,2026-02-13T18:18:06.361026,TELECOMMUTE,,6,,,,,,,,,,,,
Senior Corporate Counsel,Ovogene,https://djinni.co/jobs/674755-senior-corporate-counsel/,,,,FULL_TIME,Other,2026-02-13T18:09:30.234652,,,36,,,,,,,,,,,,
Intern UI/UX designer,DICEUS,https://djinni.co/jobs/804717-intern-ui-ux-designer/,,,,FULL_TIME,Graphic Design,2026-02-13T18:14:06.323376,TELECOMMUTE,,,,,,,,,,,,,,
"Advertiser Manager (sweepstakes/different verticals, NOT gambling) CPA Network",Mindsmatch,https://djinni.co/jobs/802296-advertiser-manager-sweepstakes-different-vert/,,,,FULL_TIME,Other,2026-02-13T18:20:04.201448,TELECOMMUTE,,12,,,,,,,,,,,,
Link builder,Come Back Agency,https://djinni.co/jobs/804719-link-builder/,,,,FULL_TIME,SEO,2026-02-13T18:18:06.703725,TELECOMMUTE,,12,,,,,,,,,,,,
Tech Lead (Ruby on Rails),Metamindz UK,https://djinni.co/jobs/796860-tech-lead-ruby-on-rails/,7000,7500,USD,FULL_TIME,CTO,2026-02-13T18:09:17.955507,TELECOMMUTE,,72,,,,,,,,,,,,
Junior Package / SI/PI Engineer (Entry Level),Avnet,https://djinni.co/jobs/791915-junior-package-si-pi-engineer-entry-level/,,,,FULL_TIME,Other,2026-02-13T17:58:26.789535,TELECOMMUTE,,12,,,,,,,,,,,,
Senior Frontend Engineer,Metamindz UK,https://djinni.co/jobs/802700-senior-frontend-engineer/,8500,10000,USD,FULL_TIME,JavaScript,2026-02-13T18:09:25.115121,TELECOMMUTE,,84,,,,,,,,,,,,
Affiliate Program Manager (IGaming),Fidel Partners,https://djinni.co/jobs/804715-affiliate-program-manager-igaming/,,,,FULL_TIME,Marketing,2026-02-13T18:08:06.258597,TELECOMMUTE,,18,,,,,,,,,,,,
VLSI engineer,,https://djinni.co/jobs/791704-vlsi-engineer/,,,,FULL_TIME,Engineering Manager,2026-02-13T17:58:30.807253,TELECOMMUTE,,12,,,,,,,,,,,,
Head of Treasury,Bigd,https://djinni.co/jobs/804679-head-of-treasury/,,,,FULL_TIME,Head Chief,2026-02-13T18:05:13.140457,TELECOMMUTE,,60,,,,,,,,,,,,
Senior Full Stack Engineer (Drupal / Node.js / Vue.js),HIRETOP - direct jobs for remote developers,https://djinni.co/jobs/804712-senior-full-stack-engineer-drupal-node-js-vue/,,,,FULL_TIME,Drupal,2026-02-13T18:02:14.913133,TELECOMMUTE,,96,,,,,,,,,,,,
Junior Verification Engineer,Avnet,https://djinni.co/jobs/792178-junior-verification-engineer/,,,,FULL_TIME,Python,2026-02-13T17:58:21.972858,TELECOMMUTE,,12,,,,,,,,,,,,
Junior Engineer,Avnet,https://djinni.co/jobs/792440-junior-engineer/,,,,FULL_TIME,Python,2026-02-13T17:58:18.926162,TELECOMMUTE,,12,,,,,,,,,,,,
Digital ASIC Design and Verification Engineer,Avnet,https://djinni.co/jobs/793873-digital-asic-design-and-verification-engineer/,,,,FULL_TIME,Embedded,2026-02-13T17:58:06.435785,TELECOMMUTE,,12,,,,,,,,,,,,
Embedded developer,Avnet,https://djinni.co/jobs/802712-embedded-developer/,,,,FULL_TIME,Embedded,2026-02-13T17:58:02.425597,TELECOMMUTE,,6,,,,,,,,,,,,
Junior Hardware Signal Integrity Engineer,Avnet,https://djinni.co/jobs/793345-junior-hardware-signal-integrity-engineer/,,,,FULL_TIME,Other,2026-02-13T17:58:14.194892,TELECOMMUTE,,12,,,,,,,,,,,,
Back-end (physical) engineer,Avnet,https://djinni.co/jobs/793867-back-end-physical-engineer/,,,,FULL_TIME,Embedded,2026-02-13T17:58:10.967810,TELECOMMUTE,,12,,,,,,,,,,,,
IT Support Engineer,JustMarkets Tech,https://djinni.co/jobs/804711-it-support-engineer/,,,,FULL_TIME,Support,2026-02-13T17:56:06.269637,TELECOMMUTE,,12,,,,,,,,,,,,
Junior Recruiter,UkrVipService,https://djinni.co/jobs/804709-junior-recruiter/,,,,PART_TIME,Recruiter,2026-02-13T17:48:06.154662,TELECOMMUTE,,6,,,,,,,,,,,,
Chief Marketing Officer,Dream Play,https://djinni.co/jobs/804708-chief-marketing-officer/,,,,FULL_TIME,Head Chief,2026-02-13T17:46:06.589547,TELECOMMUTE,,48,,,,,,,,,,,,
"Senior Java Developer (Poland, Warsaw)",ITExpert,https://djinni.co/jobs/804705-senior-java-developer-poland-warsaw/,,,,FULL_TIME,Java,2026-02-13T17:44:08.103408,,,96,,,,,,,,,,,,
Angular Developer,King's Choice,https://djinni.co/jobs/804701-angular-developer/,,,,FULL_TIME,Angular,2026-02-13T17:34:07.516661,TELECOMMUTE,,36,,,,,,,,,,,,
Senior Full-Stack Engineer (Python + React/Next.js),5Blue Software,https://djinni.co/jobs/804702-senior-full-stack-engineer-python-react-next-/,,,,FULL_TIME,Fullstack,2026-02-13T17:34:06.180819,TELECOMMUTE,,84,,,,,,,,,,,,
Junior Front-End Engineer,KaaIoT,https://djinni.co/jobs/804706-junior-front-end-engineer/,,,,FULL_TIME,Angular,2026-02-13T17:44:07.340064,TELECOMMUTE,,12,,,,,,,,,,,,
"Mobile Developer (Android, Kotlin)",Solid Software,https://djinni.co/jobs/792956-mobile-developer-android-kotlin/,,,,FULL_TIME,Kotlin,2026-02-13T17:31:54.558578,TELECOMMUTE,,36,,,,,,,,,,,,
Team Lead / Senior Web Developer (Crypto Trading Platform),PulseRise Technologies,https://djinni.co/jobs/801476-team-lead-senior-web-developer-crypto-trading/,,,,FULL_TIME,React.js,2026-02-13T17:24:41.828310,TELECOMMUTE,,84,,,,,,,,,,,,
Junior .NET Developer,HYS Enterprise,https://djinni.co/jobs/794560-junior-net-developer/,,,,FULL_TIME,.NET,2026-02-13T17:18:51.865274,,,12,,,,,,,,,,,,
Middle Manual QA Engineer (Mobile) (IRC287247),GlobalLogic,https://djinni.co/jobs/804699-middle-manual-qa-engineer-mobile-irc287247/,,,,FULL_TIME,QA,2026-02-13T17:30:06.305676,TELECOMMUTE,,24,,,,,,,,,,,,
"Mobile Developer (iOS, Swift)",Solid Software,https://djinni.co/jobs/792957-mobile-developer-ios-swift/,,,,FULL_TIME,iOS,2026-02-13T17:31:49.724093,TELECOMMUTE,,36,,,,,,,,,,,,
Sr Node.js Engineer,King's Choice,https://djinni.co/jobs/804691-sr-node-js-engineer/,,,,FULL_TIME,Node.js,2026-02-13T17:18:06.784678,TELECOMMUTE,,72,,,,,,,,,,,,
DevOps Engineer,Kozak Agency,https://djinni.co/jobs/804694-devops-engineer/,,,,FULL_TIME,DevOps,2026-02-13T17:22:21.087357,TELECOMMUTE,,60,,,,,,,,,,,,
Counsel,Playson,https://djinni.co/jobs/804690-counsel/,,,,FULL_TIME,Other,2026-02-13T17:14:07.539857,TELECOMMUTE,,36,,,,,,,,,,,,
Intern Front-End Developer (Angular),HYS Enterprise,https://djinni.co/jobs/794185-intern-front-end-developer-angular/,,,,FULL_TIME,Angular,2026-02-13T17:18:42.770244,,,,,,,,,,,,,,,
Manual QA,RecruitGarden,https://djinni.co/jobs/804688-manual-qa/,,,,FULL_TIME,QA,2026-02-13T17:06:07.659376,,,12,,,,,,,,,,,,
Senior SEO Specialist,Bitmedia Labs,https://djinni.co/jobs/794378-senior-seo-specialist/,,,,FULL_TIME,SEO,2026-02-13T17:07:32.108083,TELECOMMUTE,,48,,,,,,,,,,,,
Middle AI/ML Engineer,Bitmedia Labs,https://djinni.co/jobs/798463-middle-ai-ml-engineer/,,,,FULL_TIME,ML AI,2026-02-13T17:07:28.892559,TELECOMMUTE,,36,,,,,,,,,,,,
CMO ( sweepsteke ),Katana Media,https://djinni.co/jobs/804689-cmo-sweepsteke/,,,,FULL_TIME,Head Chief,2026-02-13T17:06:06.259176,TELECOMMUTE,,12,,,,,,,,,,,,
Creative Copywriter,Bitmedia Labs,https://djinni.co/jobs/802353-creative-copywriter/,,,,FULL_TIME,Content Writing,2026-02-13T17:07:35.605015,TELECOMMUTE,,12,,,,,,,,,,,,
Technical Support Specialists,Playson,https://djinni.co/jobs/804687-technical-support-specialists/,,,,FULL_TIME,Support,2026-02-13T17:04:06.215585,TELECOMMUTE,,36,,,,,,,,,,,,
C/C++ Embedded Engineer,SQUAD,https://djinni.co/jobs/759406-c-c-embedded-engineer/,,,,FULL_TIME,C++,2026-02-13T17:04:10.084128,,,60,,,,,,,,,,,,
Outbound Sales and Lead Generation Specialist,Softoria,https://djinni.co/jobs/804685-outbound-sales-and-lead-generation-specialist/,,,,FULL_TIME,Sales,2026-02-13T17:02:19.073756,TELECOMMUTE,,24,,,,,,,,,,,,
Junior Website Content Editor,Nestlé,https://djinni.co/jobs/789588-junior-website-content-editor/,,,,FULL_TIME,Content Writing,2026-02-13T16:58:15.534626,,,6,,,,,,,,,,,,
Product Marketing Manager,SKELAR,https://djinni.co/jobs/804683-product-marketing-manager/,,,,FULL_TIME,Marketing,2026-02-13T16:56:07.739088,TELECOMMUTE,,36,,,,,,,,,,,,
Sales Manager (IT / AI / Software Development),Sloboda studio,https://djinni.co/jobs/804684-sales-manager-it-ai-software-development/,,,,FULL_TIME,Sales,2026-02-13T16:56:06.219693,TELECOMMUTE,,36,,,,,,,,,,,,
D2C Ecommerce Specialist,Nestlé,https://djinni.co/jobs/802088-d2c-ecommerce-specialist/,,,,FULL_TIME,Marketing,2026-02-13T16:58:22.165286,,,6,,,,,,,,,,,,
Middle/Senior Full-Stack (PHP/React) Software Engineer (Contractor),CodeIT,https://djinni.co/jobs/795955-middle-senior-full-stack-php-react-software-e/,,,,FULL_TIME,Laravel,2026-02-13T16:48:09.746080,TELECOMMUTE,,36,,,,,,,,,,,,
Website Content Editor,Nestlé,https://djinni.co/jobs/789812-website-content-editor/,,,,FULL_TIME,Content Writing,2026-02-13T16:57:34.782207,,,12,,,,,,,,,,,,
Senior PHP Backend Developer,Foundrr.lab,https://djinni.co/jobs/804681-senior-php-backend-developer/,,,,FULL_TIME,PHP,2026-02-13T16:48:07.388563,TELECOMMUTE,,36,,,,,,,,,,,,
Accounting/Finance Admin Support,WOW 24-7,https://djinni.co/jobs/804672-accounting-finance-admin-support/,,,,FULL_TIME,Support,2026-02-13T16:42:18.770710,TELECOMMUTE,,12,,,,,,,,,,,,
Business Development Manager (iGaming Experience Required),BetCare,https://djinni.co/jobs/748328-business-development-manager-igaming-experien/,,,,FULL_TIME,Sales,2026-02-13T16:34:08.773630,TELECOMMUTE,,24,,,,,,,,,,,,
Senior Network Operations Engineer,Playtech,https://djinni.co/jobs/801957-senior-network-operations-engineer/,,,,FULL_TIME,Sysadmin,2026-02-13T16:33:26.390415,TELECOMMUTE,,36,,,,,,,,,,,,
Middle Next.js / Nest.js Developer,Deveteria,https://djinni.co/jobs/804677-middle-next-js-nest-js-developer/,,,,FULL_TIME,JavaScript,2026-02-13T16:48:06.142573,TELECOMMUTE,,24,,,,,,,,,,,,
Junior QA,SATEC,https://djinni.co/jobs/804675-junior-qa/,400,500,USD,FULL_TIME,QA,2026-02-13T16:46:07.322516,TELECOMMUTE,,6,,,,,,,,,,,,
Junior Risk and AML Specialist,Payop,https://djinni.co/jobs/804669-junior-risk-and-aml-specialist/,,,,FULL_TIME,Data Analyst,2026-02-13T16:30:06.089805,TELECOMMUTE,,6,,,,,,,,,,,,
Data Analyst,Impactable,https://djinni.co/jobs/794457-data-analyst/,,,,FULL_TIME,Data Analyst,2026-02-13T16:28:09,TELECOMMUTE,,24,,,,,,,,,,,,
Junior Email Marketing Manager (E-Commerce),VEN Commerce Ltd,https://djinni.co/jobs/804667-junior-email-marketing-manager-e-commerce/,,,,FULL_TIME,Marketing,2026-02-13T16:26:06.260245,TELECOMMUTE,,12,,,,,,,,,,,,
Trainee Sales Manager,Darly Solutions,https://djinni.co/jobs/785390-trainee-sales-manager/,,,,FULL_TIME,Sales,2026-02-13T16:22:18.252588,TELECOMMUTE,,6,,,,,,,,,,,,
Website Developer,Applica Agency,https://djinni.co/jobs/802606-website-developer/,,,,PART_TIME,Fullstack,2026-02-13T16:02:44.694134,TELECOMMUTE,,12,,,,,,,,,,,,
Graphic Designer,Applica Agency,https://djinni.co/jobs/773531-graphic-designer/,,,,FULL_TIME,Graphic Design,2026-02-13T16:03:31.998190,TELECOMMUTE,,36,,,,,,,,,,,,
Power BI Engineer with C# background,Akvelon,https://djinni.co/jobs/804662-power-bi-engineer-with-c-background/,,,,FULL_TIME,Data Analyst,2026-02-13T16:08:06.570313,TELECOMMUTE,,36,,,,,,,,,,,,
Product Owner,Icecat,https://djinni.co/jobs/804665-product-owner/,,,,FULL_TIME,Product Owner,2026-02-13T16:22:14.827852,TELECOMMUTE,,36,,,,,,,,,,,,
Creative Marketing Specialist,Applica Agency,https://djinni.co/jobs/796329-creative-marketing-specialist/,,,,FULL_TIME,Performance Marketing,2026-02-13T16:03:35.764857,TELECOMMUTE,,24,,,,,,,,,,,,
Technical Support Team Leader (Level 1),Diya,https://djinni.co/jobs/804663-technical-support-team-leader-level-1/,,,,FULL_TIME,Engineering Manager,2026-02-13T16:14:06.253744,TELECOMMUTE,,36,,,,,,,,,,,,
Middle .NET Developer,TemaBit Fozzy Group,https://djinni.co/jobs/804658-middle-net-developer/,,,,FULL_TIME,.NET,2026-02-13T16:00:14.838932,TELECOMMUTE,,36,,,,,,,,,,,,
UX/UI Designer (Junior/Mid-level),B2BSoft,https://djinni.co/jobs/804659-ux-ui-designer-junior-mid-level/,,,,FULL_TIME,UI UX,2026-02-13T16:02:29.676736,TELECOMMUTE,,24,,,,,,,,,,,,
Support Manager,NuxGame,https://djinni.co/jobs/804654-support-manager/,,,,FULL_TIME,Support,2026-02-13T15:54:06.479730,TELECOMMUTE,,12,,,,,,,,,,,,
UX/UI Designer,Cre8 Team,https://djinni.co/jobs/800690-ux-ui-designer/,,,,FULL_TIME,UI UX,2026-02-13T15:42:56.590401,TELECOMMUTE,,12,,,,,,,,,,,,
Carrier Operations Specialist,Liki24,https://djinni.co/jobs/804655-carrier-operations-specialist/,,,,FULL_TIME,Business Development,2026-02-13T15:56:06.113808,TELECOMMUTE,,24,,,,,,,,,,,,
SMM Specialist,Emerise Group,https://djinni.co/jobs/804649-smm-specialist/,,,,FULL_TIME,Social Media,2026-02-13T15:40:06.044905,TELECOMMUTE,,24,,,,,,,,,,,,
Senior iOS Product Engineer,Readdle,https://djinni.co/jobs/541386-senior-ios-product-engineer/,,,,FULL_TIME,iOS,2026-02-13T15:42:21.064851,,,60,,,,,,,,,,,,
Senior Backend Developer (Node.js),Devart,https://djinni.co/jobs/804647-senior-backend-developer-node-js/,,,,FULL_TIME,Node.js,2026-02-13T15:44:31.710053,TELECOMMUTE,,60,,,,,,,,,,,,
Symfony Developer,QAtronic,https://djinni.co/jobs/534963-symfony-developer/,,,,FULL_TIME,PHP,2026-02-13T15:36:06.236659,TELECOMMUTE,,60,,,,,,,,,,,,
DBA (Postgres),ARRISE,https://djinni.co/jobs/804642-dba-postgres/,,,,FULL_TIME,SQL,2026-02-13T15:22:24.524573,TELECOMMUTE,,48,,,,,,,,,,,,
Senior DevOps Enginee (Azure),ROLIQUE,https://djinni.co/jobs/804641-senior-devops-enginee-azure/,,,,FULL_TIME,DevOps,2026-02-13T15:26:06.035150,TELECOMMUTE,,72,,,,,,,,,,,,
Integration Team Lead,Equals 5,https://djinni.co/jobs/804643-integration-team-lead/,,,,FULL_TIME,Lead,2026-02-13T15:26:06.322429,TELECOMMUTE,,60,,,,,,,,,,,,
Programmatic Retargeting Specialist,Emerise Group,https://djinni.co/jobs/804646-programmatic-retargeting-specialist/,,,,FULL_TIME,Marketing,2026-02-13T15:36:05.971642,TELECOMMUTE,,24,,,,,,,,,,,,
DevOps Azure Engineer,QAtronic,https://djinni.co/jobs/512885-devops-azure-engineer/,,,,FULL_TIME,DevOps,2026-02-13T15:33:11.341122,TELECOMMUTE,,36,,,,,,,,,,,,
Technical Support Specialist (Junior),Diya,https://djinni.co/jobs/766189-technical-support-specialist-junior/,,,,FULL_TIME,Support,2026-02-13T15:20:06.111917,TELECOMMUTE,,12,,,,,,,,,,,,
Automated Quality Assurance Engineer,QAtronic,https://djinni.co/jobs/667426-automated-quality-assurance-engineer/,,,,FULL_TIME,QA Automation,2026-02-13T15:33:16.591201,TELECOMMUTE,,60,,,,,,,,,,,,
Lead Business Analyst/Product Manager (#4705),N-iX,https://djinni.co/jobs/802566-lead-business-analyst-product-manager-4705/,,,,FULL_TIME,Business Analyst,2026-02-13T15:11:22.236717,TELECOMMUTE,,60,,,,,,,,,,,,
Junior Motion Designer,Bitmedia Labs,https://djinni.co/jobs/804640-junior-motion-designer/,,,,FULL_TIME,Motion Design,2026-02-13T15:18:06.102799,TELECOMMUTE,,6,,,,,,,,,,,,
UI/UX Designer,BN Digital,https://djinni.co/jobs/692860-ui-ux-designer/,,,,FULL_TIME,UI UX,2026-02-13T15:18:07.087616,,,12,,,,,,,,,,,,
Lead Full Stack (Python+React),N-iX,https://djinni.co/jobs/791440-lead-full-stack-python-react/,,,,FULL_TIME,Fullstack,2026-02-13T15:11:16.535583,TELECOMMUTE,,96,,,,,,,,,,,,
Customer Support Specialist,Diya,https://djinni.co/jobs/766196-customer-support-specialist/,,,,FULL_TIME,Support,2026-02-13T15:19:46.048055,TELECOMMUTE,,12,,,,,,,,,,,,
React Native Developer,Admiral Studios,https://djinni.co/jobs/767423-react-native-developer/,,,,FULL_TIME,React.js,2026-02-13T15:10:08.497798,TELECOMMUTE,,18,,,,,,,,,,,,
Computer Vision engineer,DeepX,https://djinni.co/jobs/804625-computer-vision-engineer/,,,,FULL_TIME,Data Science,2026-02-13T15:13:17.441586,TELECOMMUTE,,12,,,,,,,,,,,,
Full-Stack Java Developer,Code&Care,https://djinni.co/jobs/788032-full-stack-java-developer/,,,,FULL_TIME,Java,2026-02-13T15:10:07.693124,TELECOMMUTE,,36,,,,,,,,,,,,
QA Lead (Automation),Linkup ST,https://djinni.co/jobs/804626-qa-lead-automation/,,,,FULL_TIME,QA Automation,2026-02-13T14:50:06.308125,TELECOMMUTE,,84,,,,,,,,,,,,
SMM Manager,Prestige Motors of Malden,https://djinni.co/jobs/804633-smm-manager/,,,,FULL_TIME,Social Media,2026-02-13T14:58:07.037552,TELECOMMUTE,,12,,,,,,,,,,,,
Project manager,DeepX,https://djinni.co/jobs/804628-project-manager/,,,,FULL_TIME,Project Manager,2026-02-13T14:50:06.742487,TELECOMMUTE,,12,,,,,,,,,,,,
UI / UX Designer,iSpeedToLead,https://djinni.co/jobs/804630-ui-ux-designer/,,,,FULL_TIME,UI UX,2026-02-13T14:54:06.173868,TELECOMMUTE,,24,,,,,,,,,,,,
Sales Representative,Improveit Solutions,https://djinni.co/jobs/778437-sales-representative/,,,,PART_TIME,Lead Generation,2026-02-13T14:52:17.040682,TELECOMMUTE,,12,,,,,,,,,,,,
"Media Buyer Team Lead (Facebook, Search Arbitrage)",Advertiv,https://djinni.co/jobs/632880-media-buyer-team-lead-facebook-search-arbitra/,,,,FULL_TIME,Marketing,2026-02-13T14:54:08.247069,TELECOMMUTE,,24,,,,,,,,,,,,
Sales / Business Development Manager (B2B),NICK Digital Agency,https://djinni.co/jobs/804622-sales-business-development-manager-b2b/,,,,FULL_TIME,Sales,2026-02-13T14:46:05.859141,TELECOMMUTE,,24,,,,,,,,,,,,
Bookkeeper for UK company,DeepX,https://djinni.co/jobs/463272-bookkeeper-for-uk-company/,,,,FULL_TIME,Marketing,2026-02-13T14:40:07.941793,TELECOMMUTE,,12,,,,,,,,,,,,
Project Manager,Arounda,https://djinni.co/jobs/710091-project-manager/,,,,FULL_TIME,Project Manager,2026-02-13T14:48:07.186979,TELECOMMUTE,,24,,,,,,,,,,,,
Senior DevOps Engineer (Hetzner / Kubernetes / GitOps),betarchitect.,https://djinni.co/jobs/804618-senior-devops-engineer-hetzner-kubernetes-git/,4000,6000,USD,FULL_TIME,DevOps,2026-02-13T14:36:05.965990,TELECOMMUTE,,72,,,,,,,,,,,,
Senior Microsoft Solutions Developer,MeGaDev,https://djinni.co/jobs/804616-senior-microsoft-solutions-developer/,,,,FULL_TIME,Embedded,2026-02-13T14:30:06.063455,TELECOMMUTE,,36,,,,,,,,,,,,
Full-stack Engineer (React + Python),OpenMinds Global,https://djinni.co/jobs/804620-full-stack-engineer-react-python/,,,,FULL_TIME,Fullstack,2026-02-13T14:40:05.970065,TELECOMMUTE,,60,,,,,,,,,,,,
Senior BackEnd Developer (Node.js),Phenomenon Studio,https://djinni.co/jobs/804621-senior-backend-developer-node-js/,,,,FULL_TIME,Node.js,2026-02-13T14:40:06.329594,TELECOMMUTE,,60,,,,,,,,,,,,
Game UI Designer (iGaming),Tino LLC,https://djinni.co/jobs/804614-game-ui-designer-igaming/,1800,2500,USD,FULL_TIME,UI UX,2026-02-13T14:26:06.060493,TELECOMMUTE,,48,,,,,,,,,,,,
Embedded Engineer,RecruitGarden,https://djinni.co/jobs/804604-embedded-engineer/,,,,FULL_TIME,Embedded,2026-02-13T14:16:05.841472,,,12,,,,,,,,,,,,
Automation QA Engineer,MaxBill,https://djinni.co/jobs/804610-automation-qa-engineer/,,,,FULL_TIME,QA Automation,2026-02-13T14:24:06.008630,,,60,,,,,,,,,,,,
"Senior Business / System Analyst, Toronto, Canada",Dedicatted,https://djinni.co/jobs/798710-senior-business-system-analyst-toronto-canada/,,,,FULL_TIME,Business Analyst,2026-02-13T14:17:41.911299,,,54,,,,,,,,,,,,
FinTech Backend Developer (Finance Systems Automation),Not Your Average Start-Up,https://djinni.co/jobs/779069-fintech-backend-developer-finance-systems-aut/,,,,FULL_TIME,PHP,2026-02-13T14:06:07.444054,TELECOMMUTE,,36,,,,,,,,,,,,
Middle iOS Developer (Contract / Project-based),IvorySoft,https://djinni.co/jobs/804602-middle-ios-developer-contract-project-based/,,,,FULL_TIME,iOS,2026-02-13T13:54:06.105235,TELECOMMUTE,,36,,,,,,,,,,,,
Senior Full-Stack Developer,Crypto Ape,https://djinni.co/jobs/804600-senior-full-stack-developer/,,,,FULL_TIME,Fullstack,2026-02-13T13:48:05.735108,TELECOMMUTE,,48,,,,,,,,,,,,
DevOps Engineer,Master of Code Global,https://djinni.co/jobs/804606-devops-engineer/,,,,FULL_TIME,DevOps,2026-02-13T14:00:09.751596,TELECOMMUTE,,60,,,,,,,,,,,,
Chief Marketing Officer,Fidel Partners,https://djinni.co/jobs/800407-chief-marketing-officer/,,,,FULL_TIME,CMO,2026-02-13T13:46:40.660473,TELECOMMUTE,,36,,,,,,,,,,,,
Junior Manual QA Engineer,Zoolatech,https://djinni.co/jobs/804603-junior-manual-qa-engineer/,,,,FULL_TIME,QA,2026-02-13T13:54:05.838729,TELECOMMUTE,,12,,,,,,,,,,,,
Head of Marketing,Fidel Partners,https://djinni.co/jobs/800413-head-of-marketing/,,,,FULL_TIME,Marketing,2026-02-13T13:46:37.736404,TELECOMMUTE,,48,,,,,,,,,,,,
Affiliate Manager,Fidel Partners,https://djinni.co/jobs/619643-affiliate-manager/,,,,FULL_TIME,Performance Marketing,2026-02-13T13:46:35.156076,TELECOMMUTE,,12,,,,,,,,,,,,
Rust Blockchain Developer,Everstake,https://djinni.co/jobs/801716-rust-blockchain-developer/,,,,FULL_TIME,Rust,2026-02-13T13:44:58.314746,TELECOMMUTE,,48,,,,,,,,,,,,
Full-stack developer (PHP + JS),Uran Company,https://djinni.co/jobs/804597-full-stack-developer-php-js/,,,,PART_TIME,Fullstack,2026-02-13T13:46:05.754020,TELECOMMUTE,,24,,,,,,,,,,,,
Python Automation Engineer,PLVision,https://djinni.co/jobs/804591-python-automation-engineer/,,,,FULL_TIME,Python,2026-02-13T13:36:05.944256,TELECOMMUTE,,48,,,,,,,,,,,,
Manual QA Engineer,PLANEKS,https://djinni.co/jobs/793671-manual-qa-engineer/,,,,FULL_TIME,QA,2026-02-13T13:34:16.077980,TELECOMMUTE,,36,,,,,,,,,,,,
Senior Dynamics Functional Consultant,Mobilunity,https://djinni.co/jobs/804596-senior-dynamics-functional-consultant/,,,,PART_TIME,MS Dynamics,2026-02-13T13:44:05.809646,TELECOMMUTE,,36,,,,,,,,,,,,
Backend developer,Empat,https://djinni.co/jobs/804594-backend-developer/,,,,FULL_TIME,Python,2026-02-13T13:36:06.767195,TELECOMMUTE,,48,,,,,,,,,,,,
Senior .NET Engineer,N-iX,https://djinni.co/jobs/804590-senior-net-engineer/,,,,FULL_TIME,.NET,2026-02-13T13:34:05.805817,TELECOMMUTE,,60,,,,,,,,,,,,
Data Engineer / Data Architect,True Sea Moss,https://djinni.co/jobs/802040-data-engineer-data-architect/,,,,FULL_TIME,Data Engineer,2026-02-13T13:29:57.949633,TELECOMMUTE,,48,,,,,,,,,,,,
Senior Mobile Software Engineer,CML Team,https://djinni.co/jobs/796730-senior-mobile-software-engineer/,,,,FULL_TIME,React Native,2026-02-13T13:32:06.128216,TELECOMMUTE,,36,,,,,,,,,,,,
Senior .Net Developer,GlobalLogic,https://djinni.co/jobs/804583-senior-net-developer/,,,,FULL_TIME,.NET,2026-02-13T13:24:06.023899,TELECOMMUTE,,48,,,,,,,,,,,,
Video Editor/Motion Designer,Cherry Entertainment,https://djinni.co/jobs/804578-video-editor-motion-designer/,,,,FULL_TIME,Video Editor,2026-02-13T13:20:05.851459,TELECOMMUTE,,24,,,,,,,,,,,,
Junior Automation QA Engineer (JS),Devico,https://djinni.co/jobs/789986-junior-automation-qa-engineer-js/,,,,FULL_TIME,QA Automation,2026-02-13T13:28:20.834951,TELECOMMUTE,,6,,,,,,,,,,,,
Full Stack JS Developer,Lumitech,https://djinni.co/jobs/804586-full-stack-js-developer/,,,,FULL_TIME,Fullstack,2026-02-13T13:28:05.732224,TELECOMMUTE,,24,,,,,,,,,,,,
"Backend Developer (TypeScript, Node.js, AWS)",FluidLabs,https://djinni.co/jobs/765330-backend-developer-typescript-node-js-aws/,,,,FULL_TIME,Node.js,2026-02-13T13:22:20.266840,TELECOMMUTE,,72,,,,,,,,,,,,
Lead .NET Engineer,N-iX,https://djinni.co/jobs/804585-lead-net-engineer/,,,,FULL_TIME,.NET,2026-02-13T13:26:06.366738,TELECOMMUTE,,96,,,,,,,,,,,,
SEO Specialist (Keyword Research / Competitive Analysis),Klaxx,https://djinni.co/jobs/804579-seo-specialist-keyword-research-competitive-a/,,,,PART_TIME,SEO,2026-02-13T13:20:05.580124,TELECOMMUTE,,24,,,,,,,,,,,,
Tech Lead - Solutions Architect (I-Gaming),Add Talent Solutions,https://djinni.co/jobs/762947-tech-lead-solutions-architect-i-gaming/,,,,FULL_TIME,Lead,2026-02-13T13:19:03.657448,TELECOMMUTE,,36,,,,,,,,,,,,
Graphic designer Team Lead (Gambling),Add Talent Solutions,https://djinni.co/jobs/802019-graphic-designer-team-lead-gambling/,,,,FULL_TIME,Graphic Design,2026-02-13T13:18:59.858175,TELECOMMUTE,,36,,,,,,,,,,,,
"Full-Stack Developer (Node.js, React)",DesignKey,https://djinni.co/jobs/786544-full-stack-developer-node-js-react/,,,,FULL_TIME,Fullstack,2026-02-13T13:16:31.104833,TELECOMMUTE,,12,,,,,,,,,,,,
LinkedIn SMM,Reply.io,https://djinni.co/jobs/799855-linkedin-smm/,,,,FULL_TIME,Digital Marketing,2026-02-13T13:19:11.142889,TELECOMMUTE,,6,,,,,,,,,,,,
LinkedIn SMM,Reply.io,https://djinni.co/jobs/798433-linkedin-smm/,,,,FULL_TIME,Social Media,2026-02-13T13:19:17.019332,TELECOMMUTE,,6,,,,,,,,,,,,
Affiliate manager (Gambling),Add Talent Solutions,https://djinni.co/jobs/802072-affiliate-manager-gambling/,,,,FULL_TIME,Performance Marketing,2026-02-13T13:18:55.975575,TELECOMMUTE,,12,,,,,,,,,,,,
"Middle Full-Stack Developer (Node.js, React)",DesignKey,https://djinni.co/jobs/799294-middle-full-stack-developer-node-js-react/,,,,FULL_TIME,Fullstack,2026-02-13T13:16:22.641221,TELECOMMUTE,,24,,,,,,,,,,,,
Junior Django/DRF Developer,Dataforest,https://djinni.co/jobs/804572-junior-django-drf-developer/,,,,FULL_TIME,Python,2026-02-13T13:08:05.741532,TELECOMMUTE,,12,,,,,,,,,,,,
Product Owner,Delasport,https://djinni.co/jobs/804573-product-owner/,,,,FULL_TIME,Product Owner,2026-02-13T13:10:05.718517,,,60,,,,,,,,,,,,
Scrum Master,Delasport,https://djinni.co/jobs/782119-scrum-master/,,,,FULL_TIME,Scrum Master,2026-02-13T13:12:29.102041,,,36,,,,,,,,,,,,
UI/UX Designer (Client-Facing),DesignKey,https://djinni.co/jobs/794017-ui-ux-designer-client-facing/,,,,FULL_TIME,UI UX,2026-02-13T13:16:17.130557,TELECOMMUTE,,24,,,,,,,,,,,,
Software Engineer,Keymakr,https://djinni.co/jobs/789938-software-engineer/,900,1000,USD,FULL_TIME,Fullstack,2026-02-13T13:05:27.485475,TELECOMMUTE,,60,,,,,,,,,,,,
Data Science Consultant,EPAM Systems,https://djinni.co/jobs/804576-data-science-consultant/,,,,FULL_TIME,Data Science,2026-02-13T13:12:28.058288,TELECOMMUTE,,60,,,,,,,,,,,,
React Native Developer,Stormotion,https://djinni.co/jobs/804571-react-native-developer/,,,,FULL_TIME,React Native,2026-02-13T13:06:05.698534,TELECOMMUTE,,12,,,,,,,,,,,,
Middle Motion Designer,FAVBET Tech,https://djinni.co/jobs/804569-middle-motion-designer/,,,,FULL_TIME,Motion Design,2026-02-13T13:04:43.082703,TELECOMMUTE,,36,,,,,,,,,,,,
Junior Software Developer,Keymakr,https://djinni.co/jobs/764691-junior-software-developer/,550,650,USD,FULL_TIME,Python,2026-02-13T13:05:16.158702,TELECOMMUTE,,12,,,,,,,,,,,,
IT/Data management specialist,Keymakr,https://djinni.co/jobs/789522-it-data-management-specialist/,350,500,USD,FULL_TIME,Data Science,2026-02-13T13:01:46.773930,TELECOMMUTE,,24,,,,,,,,,,,,
Lead Full-Stack Developer (Java / Spring Boot / React),GlobalLogic,https://djinni.co/jobs/804567-lead-full-stack-developer-java-spring-boot-re/,,,,FULL_TIME,Fullstack,2026-02-13T13:00:09.005297,TELECOMMUTE,,72,,,,,,,,,,,,
Junior Project Coordinator,TrueAutomation.io,https://djinni.co/jobs/790952-junior-project-coordinator/,1000,2000,USD,FULL_TIME,Project Manager,2026-02-13T13:00:13.822663,TELECOMMUTE,,12,,,,,,,,,,,,
IT Project Manager (junior),Dataforest,https://djinni.co/jobs/804570-it-project-manager-junior/,,,,FULL_TIME,Project Manager,2026-02-13T13:04:42.925251,TELECOMMUTE,,12,,,,,,,,,,,,
Middle PHP Developer,Panda Team,https://djinni.co/jobs/804566-middle-php-developer/,500,3000,USD,FULL_TIME,PHP,2026-02-13T13:00:08.432412,TELECOMMUTE,,24,,,,,,,,,,,,
Senior Full Stack Engineer (blockchain experience),IdeaSoft,https://djinni.co/jobs/796490-senior-full-stack-engineer-blockchain-experie/,,,,FULL_TIME,Fullstack,2026-02-13T12:56:07.909843,TELECOMMUTE,,48,,,,,,,,,,,,
Sales and Business Development Manager (German market),MetaliX,https://djinni.co/jobs/717376-sales-and-business-development-manager-german/,800,1500,USD,FULL_TIME,Sales,2026-02-13T12:57:18.098566,,,,,,,,,,,,,,,
Middle Business Analyst,Volpis,https://djinni.co/jobs/804560-middle-business-analyst/,,,,FULL_TIME,Business Analyst,2026-02-13T12:48:06.112971,,,24,,,,,,,,,,,,
Marketing Specialist,Yellow Recruiting Company,https://djinni.co/jobs/804564-marketing-specialist/,500,600,USD,FULL_TIME,Content Marketing,2026-02-13T12:56:05.834168,TELECOMMUTE,,12,,,,,,,,,,,,
Flutter Developer,Aleori,https://djinni.co/jobs/804279-flutter-developer/,2500,3000,USD,FULL_TIME,Flutter,2026-02-13T12:56:06.060305,TELECOMMUTE,,36,,,,,,,,,,,,
VIP Analyst,TrueGroup,https://djinni.co/jobs/804561-vip-analyst/,,,,FULL_TIME,Data Analyst,2026-02-13T12:52:22.126723,TELECOMMUTE,,24,,,,,,,,,,,,
"Customer Support Representative (US Market, Evening Shift)",WiserBrand,https://djinni.co/jobs/804565-customer-support-representative-us-market-eve/,,,,FULL_TIME,Support,2026-02-13T12:56:06.240592,TELECOMMUTE,,12,,,,,,,,,,,,
"Data Engineer (DBT, Snowflake)",DataArt,https://djinni.co/jobs/804557-data-engineer-dbt-snowflake/,,,,FULL_TIME,Data Engineer,2026-02-13T12:46:05.639803,,,60,,,,,,,,,,,,
Data Solutions Architect,DataArt,https://djinni.co/jobs/804551-data-solutions-architect/,,,,FULL_TIME,Data Engineer,2026-02-13T12:42:16.225510,,,60,,,,,,,,,,,,
Middle Java Back-end Developer (iGaming),Twin Win Games,https://djinni.co/jobs/804556-middle-java-back-end-developer-igaming/,,,,FULL_TIME,Java,2026-02-13T12:44:05.903261,TELECOMMUTE,,36,,,,,,,,,,,,
Senior AI Engineer,,https://djinni.co/jobs/804550-senior-ai-engineer/,,,,FULL_TIME,ML AI,2026-02-13T12:40:05.697243,TELECOMMUTE,,60,,,,,,,,,,,,
Middle QA Engineer/Consultant with experience in Business Central (#4773),N-iX,https://djinni.co/jobs/804545-middle-qa-engineer-consultant-with-experience/,,,,PART_TIME,QA Automation,2026-02-13T12:34:05.615270,TELECOMMUTE,,24,,,,,,,,,,,,
Senior DevSecOps Engineer,,https://djinni.co/jobs/804548-senior-devsecops-engineer/,,,,FULL_TIME,Security,2026-02-13T12:36:07.220054,TELECOMMUTE,,72,,,,,,,,,,,,
Senior Frontend Engineer (Vue 3 / TypeScript),N-iX,https://djinni.co/jobs/804549-senior-frontend-engineer-vue-3-typescript/,,,,FULL_TIME,JavaScript,2026-02-13T12:38:05.746966,TELECOMMUTE,,48,,,,,,,,,,,,
Full-Stack Software Engineer (Python),KaaIoT,https://djinni.co/jobs/804546-full-stack-software-engineer-python/,4000,5000,USD,FULL_TIME,Fullstack,2026-02-13T12:34:05.839897,TELECOMMUTE,,48,,,,,,,,,,,,
Senior Salesforce Marketing Cloud Engineer,N-iX,https://djinni.co/jobs/804544-senior-salesforce-marketing-cloud-engineer/,,,,FULL_TIME,Data Engineer,2026-02-13T12:32:18.775314,TELECOMMUTE,,48,,,,,,,,,,,,
Marketing Intern,Codebridge,https://djinni.co/jobs/796415-marketing-intern/,,,,FULL_TIME,Marketing,2026-02-13T12:28:06.918842,TELECOMMUTE,,,,,,,,,,,,,,
Senior Internal Tax Adviser,SOFTSWISS,https://djinni.co/jobs/804539-senior-internal-tax-adviser/,,,,FULL_TIME,Finances,2026-02-13T12:28:05.776375,TELECOMMUTE,,60,,,,,,,,,,,,
Junior Sales,SBSB FinTech Lawyers,https://djinni.co/jobs/800475-junior-sales/,,,,FULL_TIME,Sales,2026-02-13T12:25:23.530609,TELECOMMUTE,,12,,,,,,,,,,,,
Sales Manager,SBSB FinTech Lawyers,https://djinni.co/jobs/739843-sales-manager/,,,,FULL_TIME,Sales,2026-02-13T12:25:30.774817,TELECOMMUTE,,12,,,,,,,,,,,,
Data Scientist,DataBet,https://djinni.co/jobs/771891-data-scientist/,,,,FULL_TIME,Data Science,2026-02-13T12:20:06.568077,TELECOMMUTE,,36,,,,,,,,,,,,
PR manager,SBSB FinTech Lawyers,https://djinni.co/jobs/735928-pr-manager/,,,,FULL_TIME,PR Manager,2026-02-13T12:25:27.932458,TELECOMMUTE,,12,,,,,,,,,,,,
Middle Node.js Developer with AI Experience,IvorySoft,https://djinni.co/jobs/804537-middle-node-js-developer-with-ai-experience/,,,,FULL_TIME,Node.js,2026-02-13T12:20:05.935408,TELECOMMUTE,,36,,,,,,,,,,,,
Senior Business Systems Analyst/Data Analyst,Pearl (JustAnswer),https://djinni.co/jobs/804536-senior-business-systems-analyst-data-analyst/,,,,FULL_TIME,Data Analyst,2026-02-13T12:20:05.719494,,,60,,,,,,,,,,,,
Senior Node.js Developer for Toronto,UPPeople,https://djinni.co/jobs/785857-senior-node-js-developer-for-toronto/,,,,FULL_TIME,Node.js,2026-02-13T12:19:02.232921,,,60,,,,,,,,,,,,
Team Lead Full Stack Developer (Node.js and React),UPPeople,https://djinni.co/jobs/797131-team-lead-full-stack-developer-node-js-and-re/,,,,FULL_TIME,Fullstack,2026-02-13T12:18:51.951896,,,96,,,,,,,,,,,,
Senior/Lead Machine Learning Engineer,Pearl (JustAnswer),https://djinni.co/jobs/783122-senior-lead-machine-learning-engineer/,,,,FULL_TIME,Data Science,2026-02-13T12:15:05.929828,TELECOMMUTE,,72,,,,,,,,,,,,
"Product Analyst (with experience in ML/Data Science, AI-projects)",Pearl (JustAnswer),https://djinni.co/jobs/698294-product-analyst-with-experience-in-ml-data-sc/,,,,FULL_TIME,Data Analyst,2026-02-13T12:15:17.155242,TELECOMMUTE,,36,,,,,,,,,,,,
Senior Front-End Developer (Angular 18+) for Toronto,UPPeople,https://djinni.co/jobs/785858-senior-front-end-developer-angular-18-for-tor/,,,,FULL_TIME,JavaScript,2026-02-13T12:18:56.040796,,,60,,,,,,,,,,,,
Senior Full Stack Developer (Node.js and React),UPPeople,https://djinni.co/jobs/797127-senior-full-stack-developer-node-js-and-react/,,,,FULL_TIME,Fullstack,2026-02-13T12:18:47.609948,,,60,,,,,,,,,,,,
CRM Business Systems Analyst,Pearl (JustAnswer),https://djinni.co/jobs/800395-crm-business-systems-analyst/,,,,FULL_TIME,Business Analyst,2026-02-13T12:14:59.210805,,,36,,,,,,,,,,,,
Manual QA Tester,Tech Gadol,https://djinni.co/jobs/784242-manual-qa-tester/,,,,FULL_TIME,QA,2026-02-13T12:14:06.131678,TELECOMMUTE,,12,,,,,,,,,,,,
UI/UX Designer with Leadership Skills,Qoders Family,https://djinni.co/jobs/753456-ui-ux-designer-with-leadership-skills/,,,,FULL_TIME,UI UX,2026-02-13T12:13:09.920325,TELECOMMUTE,,48,,,,,,,,,,,,
Junior Data Analyst,Aspen Tech Labs,https://djinni.co/jobs/804534-junior-data-analyst/,,,,FULL_TIME,Data Analyst,2026-02-13T12:14:05.607007,TELECOMMUTE,,6,,,,,,,,,,,,
PHP/Laravel Developer,Qoders Family,https://djinni.co/jobs/748495-php-laravel-developer/,,,,FULL_TIME,Laravel,2026-02-13T12:13:04.015094,TELECOMMUTE,,18,,,,,,,,,,,,
Сoaches Success Coordinator (Customer Support),EverHelp,https://djinni.co/jobs/800094-soaches-success-coordinator-customer-support/,,,,FULL_TIME,Support,2026-02-13T11:58:04.102476,TELECOMMUTE,,,,,,,,,,,,,,
Autonomous Systems Control Engineer,EverGreen Talent Partners,https://djinni.co/jobs/757597-autonomous-systems-control-engineer/,,,,FULL_TIME,Other,2026-02-13T12:10:58.040726,,,36,,,,,,,,,,,,
QA (Manual) for Web3 projects,Cowchain,https://djinni.co/jobs/804533-qa-manual-for-web3-projects/,,,,FULL_TIME,QA,2026-02-13T12:10:05.880034,TELECOMMUTE,,12,,,,,,,,,,,,
Middle Technical Writer (#4707),N-iX,https://djinni.co/jobs/804528-middle-technical-writer-4707/,,,,FULL_TIME,Technical Writing,2026-02-13T11:54:05.708479,TELECOMMUTE,,24,,,,,,,,,,,,
Senior Media Buyer Google,Whitesharkads,https://djinni.co/jobs/786768-senior-media-buyer-google/,1500,3000,USD,FULL_TIME,Digital Marketing,2026-02-13T11:51:16.912379,TELECOMMUTE,,24,,,,,,,,,,,,
UX/UI Designer,SoftPeak,https://djinni.co/jobs/748046-ux-ui-designer/,,,,PART_TIME,UI UX,2026-02-13T11:51:03.483261,TELECOMMUTE,,36,,,,,,,,,,,,
Senior PHP Developer,Orgmeter,https://djinni.co/jobs/796233-senior-php-developer/,,,,FULL_TIME,PHP,2026-02-13T11:50:42.520192,TELECOMMUTE,,60,,,,,,,,,,,,
Senior Media buyer FB,Whitesharkads,https://djinni.co/jobs/786550-senior-media-buyer-fb/,1500,3000,USD,FULL_TIME,Digital Marketing,2026-02-13T11:51:19.892801,TELECOMMUTE,,24,,,,,,,,,,,,
Senior Full-stack Engineer (Boosters),Playson,https://djinni.co/jobs/779557-senior-full-stack-engineer-boosters/,,,,FULL_TIME,Fullstack,2026-02-13T11:42:16.026818,TELECOMMUTE,,84,,,,,,,,,,,,
Senior QA Engineer (Automation and General),Playson,https://djinni.co/jobs/762692-senior-qa-engineer-automation-and-general/,,,,FULL_TIME,QA Automation,2026-02-13T11:42:16.440835,TELECOMMUTE,,72,,,,,,,,,,,,
Business Analyst,Orgmeter,https://djinni.co/jobs/743261-business-analyst/,,,,FULL_TIME,Business Analyst,2026-02-13T11:50:05.566037,TELECOMMUTE,,36,,,,,,,,,,,,
Senior QA Automation Engineer,Playson,https://djinni.co/jobs/749598-senior-qa-automation-engineer/,,,,FULL_TIME,QA Automation,2026-02-13T11:42:15.603824,TELECOMMUTE,,72,,,,,,,,,,,,
Junior Customer Support Specialist,JustMarkets Tech,https://djinni.co/jobs/787412-junior-customer-support-specialist/,,,,FULL_TIME,Support,2026-02-13T11:39:26.948666,TELECOMMUTE,,,,,,,,,,,,,,
VIP Account Manager,OBRIO,https://djinni.co/jobs/804525-vip-account-manager/,,,,FULL_TIME,Account Manager,2026-02-13T11:40:05.783944,TELECOMMUTE,,24,,,,,,,,,,,,
Senior Backend Engineer Node.js,Playson,https://djinni.co/jobs/730677-senior-backend-engineer-node-js/,,,,FULL_TIME,Node.js,2026-02-13T11:40:06.283313,TELECOMMUTE,,60,,,,,,,,,,,,
Senior People Partner,PIN-UP Global,https://djinni.co/jobs/759062-senior-people-partner/,,,,FULL_TIME,HR,2026-01-29T14:53:08.213298,,,36,,,,,,,,,,,,
Junior Payments Specialist,JustMarkets Tech,https://djinni.co/jobs/787936-junior-payments-specialist/,,,,FULL_TIME,Financial Analyst,2026-02-13T11:39:22.792147,TELECOMMUTE,,,,,,,,,,,,,,
Game Producer,Greenwich IT Solutions,https://djinni.co/jobs/800663-game-producer/,,,,FULL_TIME,Game Design,2026-01-29T14:53:06.111843,TELECOMMUTE,,36,,,,,,,,,,,,
IT Engineer/Linux System Administrator,Fluent Trade Technologies,https://djinni.co/jobs/789377-it-engineer-linux-system-administrator/,,,,FULL_TIME,Sysadmin,2026-02-13T11:32:21.320646,TELECOMMUTE,,60,,,,,,,,,,,,
Operations / Business Operations Manager,Crouton Digital,https://djinni.co/jobs/800265-operations-business-operations-manager/,,,,FULL_TIME,Support,2026-01-29T14:49:29.488463,TELECOMMUTE,,24,,,,,,,,,,,,
Business Analyst,QUESTERA,https://djinni.co/jobs/621545-business-analyst/,,,,FULL_TIME,Business Analyst,2026-01-29T14:43:30.995246,TELECOMMUTE,,24,,,,,,,,,,,,
"Computer Vision Engineer (slam, vio)",EverGreen Talent Partners,https://djinni.co/jobs/746513-computer-vision-engineer-slam-vio/,,,,FULL_TIME,Data Science,2026-01-29T14:42:05.144624,,,12,,,,,,,,,,,,
FullStack Developer (React + Java),OSDB,https://djinni.co/jobs/800664-fullstack-developer-react-java/,,,,FULL_TIME,Fullstack,2026-01-29T14:53:05.512629,TELECOMMUTE,,36,,,,,,,,,,,,
Designer (Junior) — Performance Creatives,Wartraf,https://djinni.co/jobs/800656-designer-junior-performance-creatives/,800,1000,USD,FULL_TIME,Design,2026-01-29T14:39:31.243208,TELECOMMUTE,,12,,,,,,,,,,,,
Sales Development Representative,WhiteBIT,https://djinni.co/jobs/800654-sales-development-representative/,,,,FULL_TIME,Sales,2026-01-29T14:37:35.302030,TELECOMMUTE,,12,,,,,,,,,,,,
Lead Generation Manager (IT Services / Outstaffing / Outsourcing / Dedicated Teams),StrongSD,https://djinni.co/jobs/800651-lead-generation-manager-it-services-outstaffi/,,,,FULL_TIME,Lead Generation,2026-01-29T14:32:49.001421,TELECOMMUTE,,36,,,,,,,,,,,,
Senior Account Manager,MWDN,https://djinni.co/jobs/800655-senior-account-manager/,,,,FULL_TIME,Account Manager,2026-01-29T14:37:34.991172,TELECOMMUTE,,24,,,,,,,,,,,,
"Senior DevOps Engineer (Azure, Kubernetes)",GlobalLogic,https://djinni.co/jobs/800649-senior-devops-engineer-azure-kubernetes/,,,,FULL_TIME,DevOps,2026-01-29T14:29:29.386132,TELECOMMUTE,,60,,,,,,,,,,,,
Senior Full-Stack .NET Developer,Marka-Development,https://djinni.co/jobs/800639-senior-full-stack-net-developer/,2700,3500,USD,FULL_TIME,Fullstack,2026-01-29T14:07:52.616079,TELECOMMUTE,,72,,,,,,,,,,,,
Senior Application Security Engineer,Luxoft,https://djinni.co/jobs/800636-senior-application-security-engineer/,,,,FULL_TIME,Security,2026-01-29T14:03:52.953325,TELECOMMUTE,,60,,,,,,,,,,,,
Senior IT Project Manager,Improvs,https://djinni.co/jobs/798529-senior-it-project-manager/,,,,FULL_TIME,Project Manager,2026-01-29T14:25:47.548306,TELECOMMUTE,,48,,,,,,,,,,,,
Security Architect,GlobalLogic,https://djinni.co/jobs/783335-security-architect/,,,,FULL_TIME,Security,2026-01-29T14:09:30.154229,TELECOMMUTE,,84,,,,,,,,,,,,
Marketing Manager (E-commerce),Eversolid,https://djinni.co/jobs/800597-marketing-manager-e-commerce/,800,1000,USD,FULL_TIME,Marketing,2026-01-29T14:13:56.355133,TELECOMMUTE,,24,,,,,,,,,,,,
UI/UX Designer / Senior Product Designer,Digis (a Fiverr company),https://djinni.co/jobs/800642-ui-ux-designer-senior-product-designer/,,,,FULL_TIME,Design,2026-01-29T14:12:43.480495,TELECOMMUTE,,60,,,,,,,,,,,,
Backend Engineer – Python/Django,Sysmetica,https://djinni.co/jobs/800635-backend-engineer-python-django/,,,,FULL_TIME,Python,2026-01-29T14:03:52.585504,TELECOMMUTE,,36,,,,,,,,,,,,
Junior Talent Acquisition Specialist,DICEUS,https://djinni.co/jobs/800632-junior-talent-acquisition-specialist/,,,,FULL_TIME,Recruiter,2026-01-29T13:57:30.372611,TELECOMMUTE,,6,,,,,,,,,,,,
Webflow developer,Simplify,https://djinni.co/jobs/698374-webflow-developer/,,,,FULL_TIME,JavaScript,2026-01-29T13:59:31.761451,TELECOMMUTE,,36,,,,,,,,,,,,
